{"cameraMode":{"drawMode":0,"name":"Shaded","section":"Shading Mode"},"sceneLighting":true,"audioPlay":false,"sceneViewState":{"m_AlwaysRefresh":false,"showFog":true,"showSkybox":true,"showFlares":true,"showImageEffects":true,"showParticleSystems":true,"showVisualEffectGraphs":true,"m_FxEnabled":true},"in2DMode":false,"pivot":{"x":-0.11816757917404175,"y":4.262218952178955,"z":-5.687753200531006},"rotation":{"x":-0.2154778093099594,"y":0.03493168577551842,"z":0.019042452797293664,"w":-0.9769946336746216},"size":1.5008333921432496,"orthographic":false}